ID,Target Buyer Name,Buyer Handle,Buyer BuyBox Type,Address,City,State,Zip,Property Type,Beds,Baths,SqFt / Lot,Strategy,Owner / Realtor Name,Phone (Skip-Traced),Email,Asking Price ($),ARV ($),Estimated Rehab ($),Calculated MAO Cash Offer ($),Seller Finance / Creative Terms,Projected Assignment Fee ($),Digital E-Sign URL
"deal-cb-reddit-market-1790806744038-tampa-habana","Hilos de Reddit: Cash Buyers & Bird-Dog Closers en Tampa, FL","Reddit Cash Buyers","Fix & Flip","4821 N Habana Ave","Tampa","FL","33614","Single Family (Fix & Flip Distressed)",3,2,"1520 sqft","Heavy Rehab Fix & Flip (SkyDrive Distress Score: 84/100)","Jorge Alvarez","(813) 555-9142","jorge.alvarez.tampa@gmail.com",240000,325000,42000,178000,"All-Cash Purchase",150035005050100,"http://localhost:3005/sign/lead-canton-realtor"
"deal-cb-reddit-market-1790806744038-clarksville-ringgold","Hilos de Reddit: Cash Buyers & Bird-Dog Closers en Tampa, FL","Reddit Cash Buyers","Fix & Flip","142 Ringgold Rd","Clarksville","TN","37042","Single Family (Pre-Foreclosure Auction in 6 Days)",3,2,"1390 sqft","Urgent Pre-Foreclosure Cash Flip","Wayne Campbell","(931) 555-4301","wayne.campbell.tn@yahoo.com",140000,215000,22000,108000,"All-Cash Purchase",150035005050100,"http://localhost:3005/sign/lead-canton-realtor"
"deal-cb-birddog-creators-1790806744038-tampa-habana","Creadores & Bird-Dog Buyers Buscando Propiedades en Tampa, FL (Fix & Flip)","@tampafl_investors","Fix & Flip","4821 N Habana Ave","Tampa","FL","33614","Single Family (Fix & Flip Distressed)",3,2,"1520 sqft","Heavy Rehab Fix & Flip (SkyDrive Distress Score: 84/100)","Jorge Alvarez","(813) 555-9142","jorge.alvarez.tampa@gmail.com",240000,325000,42000,178000,"All-Cash Purchase",2000100005050,"http://localhost:3005/sign/lead-canton-realtor"
"deal-cb-birddog-creators-1790806744038-clarksville-ringgold","Creadores & Bird-Dog Buyers Buscando Propiedades en Tampa, FL (Fix & Flip)","@tampafl_investors","Fix & Flip","142 Ringgold Rd","Clarksville","TN","37042","Single Family (Pre-Foreclosure Auction in 6 Days)",3,2,"1390 sqft","Urgent Pre-Foreclosure Cash Flip","Wayne Campbell","(931) 555-4301","wayne.campbell.tn@yahoo.com",140000,215000,22000,108000,"All-Cash Purchase",2000100005050,"http://localhost:3005/sign/lead-canton-realtor"
"deal-cb-creator-richard-taylor-detroit-joann","Richard Taylor (@richardgrandintaylor — Hold My Hand Wholesale / BuyBoxCartel)","@richardgrandintaylor","Section 8 Rental","18418 Joann St","Detroit","MI","48205","Single Family (Section 8 Rental)",3,1,"1048 sqft","Single Family Section 8 Turnkey","Marcus Vance","(313) 555-8291","marcus.vance48@gmail.com",85000,135000,18000,62000,"All-Cash Purchase",100005050,"http://localhost:3005/sign/lead-canton-realtor"
"deal-cb-creator-richard-taylor-fourplex-grand","Richard Taylor (@richardgrandintaylor — Hold My Hand Wholesale / BuyBoxCartel)","@richardgrandintaylor","Section 8 Rental","2940 W Grand Blvd","Detroit","MI","48202","Multifamily (Fourplex / Seller Finance)",8,4,"3420 sqft","Seller Financing (10% Down / 5% Interest / 30y Amort)","David K. Henderson","(313) 555-4920","david.henderson.props@gmail.com",175000,240000,22000,110000,"10% Down ($17500), 5% Int, $845/mo",100005050,"http://localhost:3005/sign/lead-canton-realtor"
"deal-cb-creator-flipwithzach-palmbay-eldron","Zach Ginn & Rick Ginn (@flipwithzach — FlipWithRick.com / FreeWholesaling)","@flipwithzach","Fix & Flip","842 Eldron Blvd SE","Palm Bay","FL","32909","Infill Residential Lot (0.23 Acres)",N/A,N/A,"0.23 Acres (80 x 125 ft)","Infill Lot Builder Wholesale (LandAtlas / XLeads)","Arthur Pendleton","(321) 555-7491","arthur.pendleton.fl@yahoo.com",22000,34000,0,14000,"All-Cash Purchase",18000,"http://localhost:3005/sign/lead-canton-realtor"
"deal-cb-creator-flipwithzach-lehigh-12th","Zach Ginn & Rick Ginn (@flipwithzach — FlipWithRick.com / FreeWholesaling)","@flipwithzach","Fix & Flip","3914 12th St W","Lehigh Acres","FL","33971","Infill Residential Lot (0.25 Acres)",N/A,N/A,"0.25 Acres (100 x 108 ft)","Infill Lot Wholesale to Builders","Cynthia Morales","(239) 555-1029","cynthia.morales77@gmail.com",24000,36000,0,15500,"All-Cash Purchase",19500,"http://localhost:3005/sign/lead-canton-realtor"
"deal-cb-creator-jerry-norton-tampa-habana","Jerry Norton (@flippingmastery — Programa $10,000 Finder’s Fee / My10kCheck)","@flippingmastery","Fix & Flip","4821 N Habana Ave","Tampa","FL","33614","Single Family (Fix & Flip Distressed)",3,2,"1520 sqft","Heavy Rehab Fix & Flip (SkyDrive Distress Score: 84/100)","Jorge Alvarez","(813) 555-9142","jorge.alvarez.tampa@gmail.com",240000,325000,42000,178000,"All-Cash Purchase",100005050,"http://localhost:3005/sign/lead-canton-realtor"
"deal-cb-creator-jerry-norton-clarksville-ringgold","Jerry Norton (@flippingmastery — Programa $10,000 Finder’s Fee / My10kCheck)","@flippingmastery","Fix & Flip","142 Ringgold Rd","Clarksville","TN","37042","Single Family (Pre-Foreclosure Auction in 6 Days)",3,2,"1390 sqft","Urgent Pre-Foreclosure Cash Flip","Wayne Campbell","(931) 555-4301","wayne.campbell.tn@yahoo.com",140000,215000,22000,108000,"All-Cash Purchase",100005050,"http://localhost:3005/sign/lead-canton-realtor"
"deal-cb-creator-ownwithsam-palmbay-eldron","Samuel G (@ownwithsam — Comprador de Hipotecas Asumibles 2.8% & Subject-To)","@ownwithsam","Multifamily / Creative","842 Eldron Blvd SE","Palm Bay","FL","32909","Infill Residential Lot (0.23 Acres)",N/A,N/A,"0.23 Acres (80 x 125 ft)","Infill Lot Builder Wholesale (LandAtlas / XLeads)","Arthur Pendleton","(321) 555-7491","arthur.pendleton.fl@yahoo.com",22000,34000,0,14000,"All-Cash Purchase",18000,"http://localhost:3005/sign/lead-canton-realtor"
"deal-cb-creator-ownwithsam-lehigh-12th","Samuel G (@ownwithsam — Comprador de Hipotecas Asumibles 2.8% & Subject-To)","@ownwithsam","Multifamily / Creative","3914 12th St W","Lehigh Acres","FL","33971","Infill Residential Lot (0.25 Acres)",N/A,N/A,"0.25 Acres (100 x 108 ft)","Infill Lot Wholesale to Builders","Cynthia Morales","(239) 555-1029","cynthia.morales77@gmail.com",24000,36000,0,15500,"All-Cash Purchase",19500,"http://localhost:3005/sign/lead-canton-realtor"
"deal-cb-creator-carsonbuysland-palmbay-eldron","Carson & Wiener Bros (@carsonbuysland — Infill Land Flipping & Builders Dispo)","@carsonbuysland","Land / Home Builder","842 Eldron Blvd SE","Palm Bay","FL","32909","Infill Residential Lot (0.23 Acres)",N/A,N/A,"0.23 Acres (80 x 125 ft)","Infill Lot Builder Wholesale (LandAtlas / XLeads)","Arthur Pendleton","(321) 555-7491","arthur.pendleton.fl@yahoo.com",22000,34000,0,14000,"All-Cash Purchase",18000,"http://localhost:3005/sign/lead-canton-realtor"
"deal-cb-creator-carsonbuysland-lehigh-12th","Carson & Wiener Bros (@carsonbuysland — Infill Land Flipping & Builders Dispo)","@carsonbuysland","Land / Home Builder","3914 12th St W","Lehigh Acres","FL","33971","Infill Residential Lot (0.25 Acres)",N/A,N/A,"0.25 Acres (100 x 108 ft)","Infill Lot Wholesale to Builders","Cynthia Morales","(239) 555-1029","cynthia.morales77@gmail.com",24000,36000,0,15500,"All-Cash Purchase",19500,"http://localhost:3005/sign/lead-canton-realtor"
"deal-cb-keyglee-jamil-pace-brent-palmbay-eldron","Jamil Damji, Pace Morby & Brent Daniels (KeyGlee Dispo + Wholesale Hotline Live)","@jamildamji / @pacemorby / @realbrentdaniels","Fix & Flip","842 Eldron Blvd SE","Palm Bay","FL","32909","Infill Residential Lot (0.23 Acres)",N/A,N/A,"0.23 Acres (80 x 125 ft)","Infill Lot Builder Wholesale (LandAtlas / XLeads)","Arthur Pendleton","(321) 555-7491","arthur.pendleton.fl@yahoo.com",22000,34000,0,14000,"All-Cash Purchase",18000,"http://localhost:3005/sign/lead-canton-realtor"
"deal-cb-keyglee-jamil-pace-brent-lehigh-12th","Jamil Damji, Pace Morby & Brent Daniels (KeyGlee Dispo + Wholesale Hotline Live)","@jamildamji / @pacemorby / @realbrentdaniels","Fix & Flip","3914 12th St W","Lehigh Acres","FL","33971","Infill Residential Lot (0.25 Acres)",N/A,N/A,"0.25 Acres (100 x 108 ft)","Infill Lot Wholesale to Builders","Cynthia Morales","(239) 555-1029","cynthia.morales77@gmail.com",24000,36000,0,15500,"All-Cash Purchase",19500,"http://localhost:3005/sign/lead-canton-realtor"
"deal-cb-creator-maxclosesdeals-charlotte-kistler","Max Rathbun (@maxclosesdeals — Tranchi AI / Tax Deed & Deep Equity Buyer)","@maxclosesdeals","Fix & Flip","4920 Kistler Ave","Charlotte","NC","28205","Single Family (Mecklenburg County Tax Foreclosure GIS)",3,2,"1480 sqft","County GIS Tax Foreclosure Rescue","Donald Whitaker","(704) 555-8371","donald.whitaker.nc@gmail.com",220000,364000,35000,160000,"All-Cash Purchase",50501250045000,"http://localhost:3005/sign/lead-canton-realtor"
"deal-cb-creator-rowangill-charlotte-kistler","Rowan Gill (@rowangill74 — County GIS Tax Foreclosure Buyer & Dispo)","@rowangill74","Fix & Flip","4920 Kistler Ave","Charlotte","NC","28205","Single Family (Mecklenburg County Tax Foreclosure GIS)",3,2,"1480 sqft","County GIS Tax Foreclosure Rescue","Donald Whitaker","(704) 555-8371","donald.whitaker.nc@gmail.com",220000,364000,35000,160000,"All-Cash Purchase",50501000030000,"http://localhost:3005/sign/lead-canton-realtor"
"deal-cb-creator-olivia-schremmer-tampa-habana","Olivia Schremmer (@olivia_schremmer — Virtual Pre-Foreclosure Buyer & JV)","@olivia_schremmer","Fix & Flip","4821 N Habana Ave","Tampa","FL","33614","Single Family (Fix & Flip Distressed)",3,2,"1520 sqft","Heavy Rehab Fix & Flip (SkyDrive Distress Score: 84/100)","Jorge Alvarez","(813) 555-9142","jorge.alvarez.tampa@gmail.com",240000,325000,42000,178000,"All-Cash Purchase",50501500021000,"http://localhost:3005/sign/lead-canton-realtor"
"deal-cb-creator-olivia-schremmer-clarksville-ringgold","Olivia Schremmer (@olivia_schremmer — Virtual Pre-Foreclosure Buyer & JV)","@olivia_schremmer","Fix & Flip","142 Ringgold Rd","Clarksville","TN","37042","Single Family (Pre-Foreclosure Auction in 6 Days)",3,2,"1390 sqft","Urgent Pre-Foreclosure Cash Flip","Wayne Campbell","(931) 555-4301","wayne.campbell.tn@yahoo.com",140000,215000,22000,108000,"All-Cash Purchase",50501500021000,"http://localhost:3005/sign/lead-canton-realtor"
"deal-cb-creator-troy-kearns-tampa-habana","Troy Kearns (@troykearns — Bird Dog Finder Program & Driving for Dollars Buyer)","@troykearns","Fix & Flip","4821 N Habana Ave","Tampa","FL","33614","Single Family (Fix & Flip Distressed)",3,2,"1520 sqft","Heavy Rehab Fix & Flip (SkyDrive Distress Score: 84/100)","Jorge Alvarez","(813) 555-9142","jorge.alvarez.tampa@gmail.com",240000,325000,42000,178000,"All-Cash Purchase",200050005050,"http://localhost:3005/sign/lead-canton-realtor"
"deal-cb-creator-troy-kearns-clarksville-ringgold","Troy Kearns (@troykearns — Bird Dog Finder Program & Driving for Dollars Buyer)","@troykearns","Fix & Flip","142 Ringgold Rd","Clarksville","TN","37042","Single Family (Pre-Foreclosure Auction in 6 Days)",3,2,"1390 sqft","Urgent Pre-Foreclosure Cash Flip","Wayne Campbell","(931) 555-4301","wayne.campbell.tn@yahoo.com",140000,215000,22000,108000,"All-Cash Purchase",200050005050,"http://localhost:3005/sign/lead-canton-realtor"
"deal-cb-creator-rjbates-tampa-habana","RJ Bates III (@rjbatesiii — Titanium Investments Direct Cash Buyer & JV)","@rjbatesiii","Fix & Flip","4821 N Habana Ave","Tampa","FL","33614","Single Family (Fix & Flip Distressed)",3,2,"1520 sqft","Heavy Rehab Fix & Flip (SkyDrive Distress Score: 84/100)","Jorge Alvarez","(813) 555-9142","jorge.alvarez.tampa@gmail.com",240000,325000,42000,178000,"All-Cash Purchase",1005050,"http://localhost:3005/sign/lead-canton-realtor"
"deal-cb-creator-rjbates-clarksville-ringgold","RJ Bates III (@rjbatesiii — Titanium Investments Direct Cash Buyer & JV)","@rjbatesiii","Fix & Flip","142 Ringgold Rd","Clarksville","TN","37042","Single Family (Pre-Foreclosure Auction in 6 Days)",3,2,"1390 sqft","Urgent Pre-Foreclosure Cash Flip","Wayne Campbell","(931) 555-4301","wayne.campbell.tn@yahoo.com",140000,215000,22000,108000,"All-Cash Purchase",1005050,"http://localhost:3005/sign/lead-canton-realtor"
"deal-cb-reddit-wholesalinghouses-hub-tampa-habana","Reddit r/WholesalingHouses & r/WholesaleRealestate — Compradores Directos & Closers","r/WholesalingHouses & r/WholesaleRealestate","Fix & Flip","4821 N Habana Ave","Tampa","FL","33614","Single Family (Fix & Flip Distressed)",3,2,"1520 sqft","Heavy Rehab Fix & Flip (SkyDrive Distress Score: 84/100)","Jorge Alvarez","(813) 555-9142","jorge.alvarez.tampa@gmail.com",240000,325000,42000,178000,"All-Cash Purchase",150035005050100,"http://localhost:3005/sign/lead-canton-realtor"
"deal-cb-reddit-wholesalinghouses-hub-clarksville-ringgold","Reddit r/WholesalingHouses & r/WholesaleRealestate — Compradores Directos & Closers","r/WholesalingHouses & r/WholesaleRealestate","Fix & Flip","142 Ringgold Rd","Clarksville","TN","37042","Single Family (Pre-Foreclosure Auction in 6 Days)",3,2,"1390 sqft","Urgent Pre-Foreclosure Cash Flip","Wayne Campbell","(931) 555-4301","wayne.campbell.tn@yahoo.com",140000,215000,22000,108000,"All-Cash Purchase",150035005050100,"http://localhost:3005/sign/lead-canton-realtor"
"deal-cb-waltco-builders-palmbay-eldron","Derek Walter — Waltco Construction LLC & 8,855+ Constructores (LandAtlas)","LandAtlas Builders Network","Land / Home Builder","842 Eldron Blvd SE","Palm Bay","FL","32909","Infill Residential Lot (0.23 Acres)",N/A,N/A,"0.23 Acres (80 x 125 ft)","Infill Lot Builder Wholesale (LandAtlas / XLeads)","Arthur Pendleton","(321) 555-7491","arthur.pendleton.fl@yahoo.com",22000,34000,0,14000,"All-Cash Purchase",18000,"http://localhost:3005/sign/lead-canton-realtor"
"deal-cb-waltco-builders-lehigh-12th","Derek Walter — Waltco Construction LLC & 8,855+ Constructores (LandAtlas)","LandAtlas Builders Network","Land / Home Builder","3914 12th St W","Lehigh Acres","FL","33971","Infill Residential Lot (0.25 Acres)",N/A,N/A,"0.25 Acres (100 x 108 ft)","Infill Lot Wholesale to Builders","Cynthia Morales","(239) 555-1029","cynthia.morales77@gmail.com",24000,36000,0,15500,"All-Cash Purchase",19500,"http://localhost:3005/sign/lead-canton-realtor"
"deal-cb-carbon-rei-network-tampa-habana","Red Carbon REI (@im_just_gabe46 — 3,000+ Cash Buyers Verificados)","@im_just_gabe46","Fix & Flip","4821 N Habana Ave","Tampa","FL","33614","Single Family (Fix & Flip Distressed)",3,2,"1520 sqft","Heavy Rehab Fix & Flip (SkyDrive Distress Score: 84/100)","Jorge Alvarez","(813) 555-9142","jorge.alvarez.tampa@gmail.com",240000,325000,42000,178000,"All-Cash Purchase",505010000250003000,"http://localhost:3005/sign/lead-canton-realtor"
"deal-cb-carbon-rei-network-clarksville-ringgold","Red Carbon REI (@im_just_gabe46 — 3,000+ Cash Buyers Verificados)","@im_just_gabe46","Fix & Flip","142 Ringgold Rd","Clarksville","TN","37042","Single Family (Pre-Foreclosure Auction in 6 Days)",3,2,"1390 sqft","Urgent Pre-Foreclosure Cash Flip","Wayne Campbell","(931) 555-4301","wayne.campbell.tn@yahoo.com",140000,215000,22000,108000,"All-Cash Purchase",505010000250003000,"http://localhost:3005/sign/lead-canton-realtor"
"deal-cb-fb-real-estate-wholesalers-club-detroit-joann","Grupos de Facebook de Cash Buyers & JV ("Real Estate Wholesalers Club" / "Wholesaling Houses Full Time")","Facebook Cash Buyers Groups","Fix & Flip","18418 Joann St","Detroit","MI","48205","Single Family (Section 8 Rental)",3,1,"1048 sqft","Single Family Section 8 Turnkey","Marcus Vance","(313) 555-8291","marcus.vance48@gmail.com",85000,135000,18000,62000,"All-Cash Purchase",10010000300005050,"http://localhost:3005/sign/lead-canton-realtor"
"deal-cb-fb-real-estate-wholesalers-club-fourplex-grand","Grupos de Facebook de Cash Buyers & JV ("Real Estate Wholesalers Club" / "Wholesaling Houses Full Time")","Facebook Cash Buyers Groups","Fix & Flip","2940 W Grand Blvd","Detroit","MI","48202","Multifamily (Fourplex / Seller Finance)",8,4,"3420 sqft","Seller Financing (10% Down / 5% Interest / 30y Amort)","David K. Henderson","(313) 555-4920","david.henderson.props@gmail.com",175000,240000,22000,110000,"10% Down ($17500), 5% Int, $845/mo",10010000300005050,"http://localhost:3005/sign/lead-canton-realtor"
"deal-cb-creator-ryan-pineda-detroit-joann","Ryan Pineda (@ryanpineda — Homerun Offer / Forever Capital / Wealthy Investor)","@ryanpineda","Fix & Flip","18418 Joann St","Detroit","MI","48205","Single Family (Section 8 Rental)",3,1,"1048 sqft","Single Family Section 8 Turnkey","Marcus Vance","(313) 555-8291","marcus.vance48@gmail.com",85000,135000,18000,62000,"All-Cash Purchase",50501000035000,"http://localhost:3005/sign/lead-canton-realtor"
"deal-cb-creator-ryan-pineda-fourplex-grand","Ryan Pineda (@ryanpineda — Homerun Offer / Forever Capital / Wealthy Investor)","@ryanpineda","Fix & Flip","2940 W Grand Blvd","Detroit","MI","48202","Multifamily (Fourplex / Seller Finance)",8,4,"3420 sqft","Seller Financing (10% Down / 5% Interest / 30y Amort)","David K. Henderson","(313) 555-4920","david.henderson.props@gmail.com",175000,240000,22000,110000,"10% Down ($17500), 5% Int, $845/mo",50501000035000,"http://localhost:3005/sign/lead-canton-realtor"
"deal-cb-creator-max-maxwell-charlotte-kistler","Max Maxwell (@therealmaxwell — Wholesaling Elite & Cash Buyers Club)","@therealmaxwell","Fix & Flip","4920 Kistler Ave","Charlotte","NC","28205","Single Family (Mecklenburg County Tax Foreclosure GIS)",3,2,"1480 sqft","County GIS Tax Foreclosure Rescue","Donald Whitaker","(704) 555-8371","donald.whitaker.nc@gmail.com",220000,364000,35000,160000,"All-Cash Purchase",50501000025000,"http://localhost:3005/sign/lead-canton-realtor"
"deal-cb-creator-alex-martinez-tampa-habana","Alex Martinez (@alexmartinez — Real Estate Skills / Pro Wholesaler VIP Dispo)","@alexmartinez","Fix & Flip","4821 N Habana Ave","Tampa","FL","33614","Single Family (Fix & Flip Distressed)",3,2,"1520 sqft","Heavy Rehab Fix & Flip (SkyDrive Distress Score: 84/100)","Jorge Alvarez","(813) 555-9142","jorge.alvarez.tampa@gmail.com",240000,325000,42000,178000,"All-Cash Purchase",50501200030000,"http://localhost:3005/sign/lead-canton-realtor"
"deal-cb-creator-alex-martinez-clarksville-ringgold","Alex Martinez (@alexmartinez — Real Estate Skills / Pro Wholesaler VIP Dispo)","@alexmartinez","Fix & Flip","142 Ringgold Rd","Clarksville","TN","37042","Single Family (Pre-Foreclosure Auction in 6 Days)",3,2,"1390 sqft","Urgent Pre-Foreclosure Cash Flip","Wayne Campbell","(931) 555-4301","wayne.campbell.tn@yahoo.com",140000,215000,22000,108000,"All-Cash Purchase",50501200030000,"http://localhost:3005/sign/lead-canton-realtor"
"deal-cb-creator-austin-rutherford-detroit-joann","Austin Rutherford (@austinrutherfordofficial — Elevate Capital / Ohio & FL Cash Buyer)","@austinrutherfordofficial","Fix & Flip","18418 Joann St","Detroit","MI","48205","Single Family (Section 8 Rental)",3,1,"1048 sqft","Single Family Section 8 Turnkey","Marcus Vance","(313) 555-8291","marcus.vance48@gmail.com",85000,135000,18000,62000,"All-Cash Purchase",100001005050,"http://localhost:3005/sign/lead-canton-realtor"
"deal-cb-creator-austin-rutherford-fourplex-grand","Austin Rutherford (@austinrutherfordofficial — Elevate Capital / Ohio & FL Cash Buyer)","@austinrutherfordofficial","Fix & Flip","2940 W Grand Blvd","Detroit","MI","48202","Multifamily (Fourplex / Seller Finance)",8,4,"3420 sqft","Seller Financing (10% Down / 5% Interest / 30y Amort)","David K. Henderson","(313) 555-4920","david.henderson.props@gmail.com",175000,240000,22000,110000,"10% Down ($17500), 5% Int, $845/mo",100001005050,"http://localhost:3005/sign/lead-canton-realtor"
"deal-cb-the-deal-club-detroit-joann","The Deal Club (@thedealclub.io — Nationwide 50/50 JV Disposition Platform)","The Deal Club Dispo","Fix & Flip","18418 Joann St","Detroit","MI","48205","Single Family (Section 8 Rental)",3,1,"1048 sqft","Single Family Section 8 Turnkey","Marcus Vance","(313) 555-8291","marcus.vance48@gmail.com",85000,135000,18000,62000,"All-Cash Purchase",5050,"http://localhost:3005/sign/lead-canton-realtor"
"deal-cb-the-deal-club-fourplex-grand","The Deal Club (@thedealclub.io — Nationwide 50/50 JV Disposition Platform)","The Deal Club Dispo","Fix & Flip","2940 W Grand Blvd","Detroit","MI","48202","Multifamily (Fourplex / Seller Finance)",8,4,"3420 sqft","Seller Financing (10% Down / 5% Interest / 30y Amort)","David K. Henderson","(313) 555-4920","david.henderson.props@gmail.com",175000,240000,22000,110000,"10% Down ($17500), 5% Int, $845/mo",5050,"http://localhost:3005/sign/lead-canton-realtor"
"deal-cb-dispobridge-detroit-joann","DispoBridge (Done-For-You Wholesaling Dispositions & Cash Buyer Matching)","DispoBridge","Fix & Flip","18418 Joann St","Detroit","MI","48205","Single Family (Section 8 Rental)",3,1,"1048 sqft","Single Family Section 8 Turnkey","Marcus Vance","(313) 555-8291","marcus.vance48@gmail.com",85000,135000,18000,62000,"All-Cash Purchase",5050,"http://localhost:3005/sign/lead-canton-realtor"
"deal-cb-dispobridge-fourplex-grand","DispoBridge (Done-For-You Wholesaling Dispositions & Cash Buyer Matching)","DispoBridge","Fix & Flip","2940 W Grand Blvd","Detroit","MI","48202","Multifamily (Fourplex / Seller Finance)",8,4,"3420 sqft","Seller Financing (10% Down / 5% Interest / 30y Amort)","David K. Henderson","(313) 555-4920","david.henderson.props@gmail.com",175000,240000,22000,110000,"10% Down ($17500), 5% Int, $845/mo",5050,"http://localhost:3005/sign/lead-canton-realtor"
"deal-cb-aggreigator-dispo-tampa-habana","AggREIgator (AI Cash Buyer Matching & 50/50 to 70/30 JV Engine)","AggREIgator","Fix & Flip","4821 N Habana Ave","Tampa","FL","33614","Single Family (Fix & Flip Distressed)",3,2,"1520 sqft","Heavy Rehab Fix & Flip (SkyDrive Distress Score: 84/100)","Jorge Alvarez","(813) 555-9142","jorge.alvarez.tampa@gmail.com",240000,325000,42000,178000,"All-Cash Purchase",5050703070,"http://localhost:3005/sign/lead-canton-realtor"
"deal-cb-aggreigator-dispo-clarksville-ringgold","AggREIgator (AI Cash Buyer Matching & 50/50 to 70/30 JV Engine)","AggREIgator","Fix & Flip","142 Ringgold Rd","Clarksville","TN","37042","Single Family (Pre-Foreclosure Auction in 6 Days)",3,2,"1390 sqft","Urgent Pre-Foreclosure Cash Flip","Wayne Campbell","(931) 555-4301","wayne.campbell.tn@yahoo.com",140000,215000,22000,108000,"All-Cash Purchase",5050703070,"http://localhost:3005/sign/lead-canton-realtor"
"deal-cb-creator-ron-dan-apke-palmbay-eldron","Ron Apke & Dan Apke (@landinvestingonline — Land Investing Online / Deal Funding & 100% Capital JV)","@landinvestingonline","Land / Home Builder","842 Eldron Blvd SE","Palm Bay","FL","32909","Infill Residential Lot (0.23 Acres)",N/A,N/A,"0.23 Acres (80 x 125 ft)","Infill Lot Builder Wholesale (LandAtlas / XLeads)","Arthur Pendleton","(321) 555-7491","arthur.pendleton.fl@yahoo.com",22000,34000,0,14000,"All-Cash Purchase",18000,"http://localhost:3005/sign/lead-canton-realtor"
"deal-cb-creator-ron-dan-apke-lehigh-12th","Ron Apke & Dan Apke (@landinvestingonline — Land Investing Online / Deal Funding & 100% Capital JV)","@landinvestingonline","Land / Home Builder","3914 12th St W","Lehigh Acres","FL","33971","Infill Residential Lot (0.25 Acres)",N/A,N/A,"0.25 Acres (100 x 108 ft)","Infill Lot Wholesale to Builders","Cynthia Morales","(239) 555-1029","cynthia.morales77@gmail.com",24000,36000,0,15500,"All-Cash Purchase",19500,"http://localhost:3005/sign/lead-canton-realtor"
"deal-cb-creator-sumner-healey-palmbay-eldron","Sumner Healey (@sumnerhealey — Land Pioneer / The Land Loaner JV Funding)","@sumnerhealey","Land / Home Builder","842 Eldron Blvd SE","Palm Bay","FL","32909","Infill Residential Lot (0.23 Acres)",N/A,N/A,"0.23 Acres (80 x 125 ft)","Infill Lot Builder Wholesale (LandAtlas / XLeads)","Arthur Pendleton","(321) 555-7491","arthur.pendleton.fl@yahoo.com",22000,34000,0,14000,"All-Cash Purchase",18000,"http://localhost:3005/sign/lead-canton-realtor"
"deal-cb-creator-sumner-healey-lehigh-12th","Sumner Healey (@sumnerhealey — Land Pioneer / The Land Loaner JV Funding)","@sumnerhealey","Land / Home Builder","3914 12th St W","Lehigh Acres","FL","33971","Infill Residential Lot (0.25 Acres)",N/A,N/A,"0.25 Acres (100 x 108 ft)","Infill Lot Wholesale to Builders","Cynthia Morales","(239) 555-1029","cynthia.morales77@gmail.com",24000,36000,0,15500,"All-Cash Purchase",19500,"http://localhost:3005/sign/lead-canton-realtor"
"deal-cb-creator-daniel-martinez-palmbay-eldron","Daniel Martinez & Leon Barnes (@hivemindcrm — Hivemind Capital & Land Network)","@hivemindcrm","Land / Home Builder","842 Eldron Blvd SE","Palm Bay","FL","32909","Infill Residential Lot (0.23 Acres)",N/A,N/A,"0.23 Acres (80 x 125 ft)","Infill Lot Builder Wholesale (LandAtlas / XLeads)","Arthur Pendleton","(321) 555-7491","arthur.pendleton.fl@yahoo.com",22000,34000,0,14000,"All-Cash Purchase",18000,"http://localhost:3005/sign/lead-canton-realtor"
"deal-cb-creator-daniel-martinez-lehigh-12th","Daniel Martinez & Leon Barnes (@hivemindcrm — Hivemind Capital & Land Network)","@hivemindcrm","Land / Home Builder","3914 12th St W","Lehigh Acres","FL","33971","Infill Residential Lot (0.25 Acres)",N/A,N/A,"0.25 Acres (100 x 108 ft)","Infill Lot Wholesale to Builders","Cynthia Morales","(239) 555-1029","cynthia.morales77@gmail.com",24000,36000,0,15500,"All-Cash Purchase",19500,"http://localhost:3005/sign/lead-canton-realtor"
"deal-cb-creator-king-khanh-tampa-habana","Khanh Nguyen (@kingkhanh — Houston & Dallas Direct Cash Buyer & Flipper)","@kingkhanh","Fix & Flip","4821 N Habana Ave","Tampa","FL","33614","Single Family (Fix & Flip Distressed)",3,2,"1520 sqft","Heavy Rehab Fix & Flip (SkyDrive Distress Score: 84/100)","Jorge Alvarez","(813) 555-9142","jorge.alvarez.tampa@gmail.com",240000,325000,42000,178000,"All-Cash Purchase",100,"http://localhost:3005/sign/lead-canton-realtor"
"deal-cb-creator-king-khanh-clarksville-ringgold","Khanh Nguyen (@kingkhanh — Houston & Dallas Direct Cash Buyer & Flipper)","@kingkhanh","Fix & Flip","142 Ringgold Rd","Clarksville","TN","37042","Single Family (Pre-Foreclosure Auction in 6 Days)",3,2,"1390 sqft","Urgent Pre-Foreclosure Cash Flip","Wayne Campbell","(931) 555-4301","wayne.campbell.tn@yahoo.com",140000,215000,22000,108000,"All-Cash Purchase",100,"http://localhost:3005/sign/lead-canton-realtor"
"deal-cb-creator-chris-haskins-tampa-habana","Chris Haskins (@chris.haskins.real.estate — With The Right Property Group / Virginia)","@chris.haskins.real.estate","Fix & Flip","4821 N Habana Ave","Tampa","FL","33614","Single Family (Fix & Flip Distressed)",3,2,"1520 sqft","Heavy Rehab Fix & Flip (SkyDrive Distress Score: 84/100)","Jorge Alvarez","(813) 555-9142","jorge.alvarez.tampa@gmail.com",240000,325000,42000,178000,"All-Cash Purchase",3000100005050,"http://localhost:3005/sign/lead-canton-realtor"
"deal-cb-creator-chris-haskins-clarksville-ringgold","Chris Haskins (@chris.haskins.real.estate — With The Right Property Group / Virginia)","@chris.haskins.real.estate","Fix & Flip","142 Ringgold Rd","Clarksville","TN","37042","Single Family (Pre-Foreclosure Auction in 6 Days)",3,2,"1390 sqft","Urgent Pre-Foreclosure Cash Flip","Wayne Campbell","(931) 555-4301","wayne.campbell.tn@yahoo.com",140000,215000,22000,108000,"All-Cash Purchase",3000100005050,"http://localhost:3005/sign/lead-canton-realtor"
"deal-cb-creator-cameron-builds-palmbay-eldron","Cameron Builds (@cameron.builds — Florida Custom Home Builder & Infill Lot Buyer)","@cameron.builds","Land / Home Builder","842 Eldron Blvd SE","Palm Bay","FL","32909","Infill Residential Lot (0.23 Acres)",N/A,N/A,"0.23 Acres (80 x 125 ft)","Infill Lot Builder Wholesale (LandAtlas / XLeads)","Arthur Pendleton","(321) 555-7491","arthur.pendleton.fl@yahoo.com",22000,34000,0,14000,"All-Cash Purchase",18000,"http://localhost:3005/sign/lead-canton-realtor"
"deal-cb-creator-cameron-builds-lehigh-12th","Cameron Builds (@cameron.builds — Florida Custom Home Builder & Infill Lot Buyer)","@cameron.builds","Land / Home Builder","3914 12th St W","Lehigh Acres","FL","33971","Infill Residential Lot (0.25 Acres)",N/A,N/A,"0.25 Acres (100 x 108 ft)","Infill Lot Wholesale to Builders","Cynthia Morales","(239) 555-1029","cynthia.morales77@gmail.com",24000,36000,0,15500,"All-Cash Purchase",19500,"http://localhost:3005/sign/lead-canton-realtor"
"deal-cb-creator-brandon-mulrenin-detroit-joann","Brandon Mulrenin (@brandon.mulrenin — Reverse Wholesaling & Agent Outreach Network)","@brandon.mulrenin","Section 8 Rental","18418 Joann St","Detroit","MI","48205","Single Family (Section 8 Rental)",3,1,"1048 sqft","Single Family Section 8 Turnkey","Marcus Vance","(313) 555-8291","marcus.vance48@gmail.com",85000,135000,18000,62000,"All-Cash Purchase",50501000020000,"http://localhost:3005/sign/lead-canton-realtor"
"deal-cb-creator-brandon-mulrenin-fourplex-grand","Brandon Mulrenin (@brandon.mulrenin — Reverse Wholesaling & Agent Outreach Network)","@brandon.mulrenin","Section 8 Rental","2940 W Grand Blvd","Detroit","MI","48202","Multifamily (Fourplex / Seller Finance)",8,4,"3420 sqft","Seller Financing (10% Down / 5% Interest / 30y Amort)","David K. Henderson","(313) 555-4920","david.henderson.props@gmail.com",175000,240000,22000,110000,"10% Down ($17500), 5% Int, $845/mo",50501000020000,"http://localhost:3005/sign/lead-canton-realtor"
"deal-cb-investorlift-portal-tampa-habana","InvestorLift Deal Board (4.8M+ Institutional Buyers & VIP Cash Flippers)","InvestorLift Network","Fix & Flip","4821 N Habana Ave","Tampa","FL","33614","Single Family (Fix & Flip Distressed)",3,2,"1520 sqft","Heavy Rehab Fix & Flip (SkyDrive Distress Score: 84/100)","Jorge Alvarez","(813) 555-9142","jorge.alvarez.tampa@gmail.com",240000,325000,42000,178000,"All-Cash Purchase",100,"http://localhost:3005/sign/lead-canton-realtor"
"deal-cb-investorlift-portal-clarksville-ringgold","InvestorLift Deal Board (4.8M+ Institutional Buyers & VIP Cash Flippers)","InvestorLift Network","Fix & Flip","142 Ringgold Rd","Clarksville","TN","37042","Single Family (Pre-Foreclosure Auction in 6 Days)",3,2,"1390 sqft","Urgent Pre-Foreclosure Cash Flip","Wayne Campbell","(931) 555-4301","wayne.campbell.tn@yahoo.com",140000,215000,22000,108000,"All-Cash Purchase",100,"http://localhost:3005/sign/lead-canton-realtor"
"deal-cb-connected-investors-pin-tampa-habana","Connected Investors PiN Network (Plataforma Directa de Private Lenders & Cash Buyers)","Connected Investors","Fix & Flip","4821 N Habana Ave","Tampa","FL","33614","Single Family (Fix & Flip Distressed)",3,2,"1520 sqft","Heavy Rehab Fix & Flip (SkyDrive Distress Score: 84/100)","Jorge Alvarez","(813) 555-9142","jorge.alvarez.tampa@gmail.com",240000,325000,42000,178000,"All-Cash Purchase",100,"http://localhost:3005/sign/lead-canton-realtor"
"deal-cb-connected-investors-pin-clarksville-ringgold","Connected Investors PiN Network (Plataforma Directa de Private Lenders & Cash Buyers)","Connected Investors","Fix & Flip","142 Ringgold Rd","Clarksville","TN","37042","Single Family (Pre-Foreclosure Auction in 6 Days)",3,2,"1390 sqft","Urgent Pre-Foreclosure Cash Flip","Wayne Campbell","(931) 555-4301","wayne.campbell.tn@yahoo.com",140000,215000,22000,108000,"All-Cash Purchase",100,"http://localhost:3005/sign/lead-canton-realtor"
"deal-cb-biggerpockets-marketplace-detroit-joann","BiggerPockets Marketplace & JV Forums (Foro Oficial de Co-Wholesaling & Cash Buyers)","BiggerPockets Forums","Fix & Flip","18418 Joann St","Detroit","MI","48205","Single Family (Section 8 Rental)",3,1,"1048 sqft","Single Family Section 8 Turnkey","Marcus Vance","(313) 555-8291","marcus.vance48@gmail.com",85000,135000,18000,62000,"All-Cash Purchase",5050100,"http://localhost:3005/sign/lead-canton-realtor"
"deal-cb-biggerpockets-marketplace-fourplex-grand","BiggerPockets Marketplace & JV Forums (Foro Oficial de Co-Wholesaling & Cash Buyers)","BiggerPockets Forums","Fix & Flip","2940 W Grand Blvd","Detroit","MI","48202","Multifamily (Fourplex / Seller Finance)",8,4,"3420 sqft","Seller Financing (10% Down / 5% Interest / 30y Amort)","David K. Henderson","(313) 555-4920","david.henderson.props@gmail.com",175000,240000,22000,110000,"10% Down ($17500), 5% Int, $845/mo",5050100,"http://localhost:3005/sign/lead-canton-realtor"
"deal-cb-discord-freewholesaling-subto-detroit-joann","Discord & Skool Communities (FreeWholesaling & SubTo Student Deal Pitch Channels)","Discord & Skool Wholesalers","Multifamily / Creative","18418 Joann St","Detroit","MI","48205","Single Family (Section 8 Rental)",3,1,"1048 sqft","Single Family Section 8 Turnkey","Marcus Vance","(313) 555-8291","marcus.vance48@gmail.com",85000,135000,18000,62000,"All-Cash Purchase",505080002500015000000,"http://localhost:3005/sign/lead-canton-realtor"
"deal-cb-discord-freewholesaling-subto-fourplex-grand","Discord & Skool Communities (FreeWholesaling & SubTo Student Deal Pitch Channels)","Discord & Skool Wholesalers","Multifamily / Creative","2940 W Grand Blvd","Detroit","MI","48202","Multifamily (Fourplex / Seller Finance)",8,4,"3420 sqft","Seller Financing (10% Down / 5% Interest / 30y Amort)","David K. Henderson","(313) 555-4920","david.henderson.props@gmail.com",175000,240000,22000,110000,"10% Down ($17500), 5% Int, $845/mo",505080002500015000000,"http://localhost:3005/sign/lead-canton-realtor"